year_month,trades,win_rate,mean_pnl,total_pnl,max_dd,sharpe,sharpe_active,sharpe_trade,variant,strategy_type
2018-01,1,100.0,29.04,29.04,0.0,0.0,0.0,0.0,baseline,MOM
2018-02,156,53.205128205128204,28.75826923076923,4486.29,-2810.51,4.284717683158854,4.85966491112116,7.640347525910161,baseline,MOM
2018-03,203,38.91625615763547,-34.56945812807882,-7017.6,-9391.08,-6.4395806806641165,-6.5610100453717,-9.85834358398317,baseline,MOM
2018-04,219,70.31963470319634,130.7540182648402,28635.13,-1827.66,13.316564123101614,14.170512197371139,23.050083963527385,baseline,MOM
2018-05,225,52.888888888888886,18.828577777777777,4236.43,-1746.51,2.977600539337733,3.1335660075733016,4.725259604681665,baseline,MOM
2018-06,176,54.54545454545454,34.73488636363636,6113.34,-2647.1200000000003,4.664190102867882,4.837399454487177,8.721226052379883,baseline,MOM
2018-07,201,38.80597014925373,-15.101592039800993,-3035.4199999999996,-4641.07,-3.490213846233236,-3.548891373016326,-5.49162523828295,baseline,MOM
2018-08,204,18.137254901960784,-89.74328431372548,-18307.629999999997,-18111.13,-14.796590372826643,-15.776934300932728,-29.893630477597437,baseline,MOM
2018-09,214,29.906542056074763,-45.89140186915887,-9820.759999999998,-10030.8,-7.332430550351976,-7.640902100517311,-15.684848638319894,baseline,MOM
2018-10,235,44.680851063829785,-3.8668936170212755,-908.7199999999998,-7166.709999999999,-0.5127474754246686,-0.5481030153062078,-1.117825329212928,baseline,MOM
2018-11,186,37.634408602150536,-10.709354838709677,-1991.94,-3655.76,-2.331040382559057,-2.4554654007887,-2.357444414210039,baseline,MOM
2018-12,209,44.01913875598086,-11.741387559808611,-2453.95,-12335.510000000004,-0.9149395290782019,-0.9149395290782019,-2.1115695123369633,baseline,MOM
2019-01,167,38.32335329341318,-28.209940119760475,-4711.0599999999995,-8015.470000000002,-3.916032821222922,-4.052958612278434,-5.9192717368414005,baseline,MOM
2019-02,148,43.91891891891892,-11.010270270270274,-1629.5200000000004,-5184.67,-1.6870338083944152,-1.717184902054272,-3.3307593393926713,baseline,MOM
2019-03,221,33.4841628959276,-38.52787330316742,-8514.66,-10308.879999999997,-6.275947654054441,-6.393377193177438,-13.078148803043327,baseline,MOM
2019-04,158,43.67088607594937,-11.921898734177216,-1883.66,-4030.32,-2.3570689289796047,-2.396880589852535,-4.734362996913648,baseline,MOM
2019-05,239,58.15899581589959,45.03891213389121,10764.3,-4345.4000000000015,5.610014638235746,5.819522946982069,11.387831090769664,baseline,MOM
2019-06,206,44.66019417475729,8.41364077669903,1733.21,-5085.19,1.3853466246687058,1.4326060811175898,2.428046830011989,baseline,MOM
2019-07,165,33.939393939393945,-38.38606060606061,-6333.700000000001,-7249.070000000001,-6.072490217075847,-6.072490217075847,-12.782781812011608,baseline,MOM
2019-08,190,51.05263157894737,30.858315789473682,5863.08,-2710.230000000003,4.019545481500876,4.236905198634817,7.926862188180143,baseline,MOM
2019-09,240,52.5,25.371583333333334,6089.18,-2800.359999999994,4.344178298444215,4.344178298444215,6.998587772064717,baseline,MOM
2019-10,189,28.04232804232804,-44.03597883597883,-8322.8,-8946.530000000002,-7.092968096378431,-7.231114074316755,-12.5956587866745,baseline,MOM
2019-11,234,25.213675213675213,-47.134401709401715,-11029.45,-11459.78,-12.838669028593024,-13.605777813500731,-20.810346801250468,baseline,MOM
2019-12,177,60.451977401129945,47.717344632768366,8445.970000000001,-2102.7399999999993,5.284528559110367,5.8162001430562045,12.256627851734908,baseline,MOM
2020-01,196,43.87755102040816,16.02765306122449,3141.42,-2781.849999999998,2.5236462707237006,2.6543723556644876,4.294047580169156,baseline,MOM
2020-02,233,44.63519313304721,-5.806695278969957,-1352.96,-8998.29,-0.880889500571727,-0.8959607839516424,-1.4214280085859807,baseline,MOM
2020-03,256,64.0625,140.1749609375,35884.79,-2998.09,9.40386617694057,9.619336926205914,15.258470461333362,baseline,MOM
2020-04,123,50.40650406504065,-34.827886178861796,-4283.830000000001,-5837.259999999999,-3.69959979048011,-4.07555054141049,-6.835832452137686,baseline,MOM
2020-05,129,42.63565891472868,44.77658914728682,5776.18,-6293.99,1.7980041836450074,1.9594884017022491,4.692471837997566,baseline,MOM
2020-06,242,47.5206611570248,1.4320661157024734,346.5599999999986,-9793.130000000003,0.1565786106382384,0.16187511974648147,0.2811546626771165,baseline,MOM
2020-07,209,36.36363636363637,70.30684210526316,14694.130000000001,-5240.330000000007,3.2539159429223816,3.4256557437004167,6.868302768479314,baseline,MOM
2020-08,182,47.8021978021978,26.41505494505495,4807.540000000001,-6073.59,2.662387315069958,2.662387315069958,4.632984912633411,baseline,MOM
2020-09,193,49.740932642487046,3.857357512953367,744.4699999999998,-4639.67,0.49271100889981456,0.5093940060679562,0.7830412745757296,baseline,MOM
2020-10,153,30.718954248366014,-70.77313725490195,-10828.289999999999,-10568.929999999995,-8.046340259119145,-8.38673868040318,-17.305286090987146,baseline,MOM
2020-11,171,43.27485380116959,30.174152046783625,5159.78,-2475.7199999999993,3.3390429817395924,3.398760034109495,4.911884523612276,baseline,MOM
2020-12,145,49.6551724137931,5.22558620689655,757.7099999999998,-2145.54,0.666403141492034,0.700010129350682,1.1697157732752017,baseline,MOM
2021-01,181,40.88397790055249,7.579558011049724,1371.9,-2305.7599999999998,1.3023347108729983,1.3683884581183012,2.140266846287335,baseline,MOM
2021-02,186,36.55913978494624,-15.193978494623654,-2826.0799999999995,-6520.220000000002,-2.2976736891087026,-2.3830017191905277,-3.7305479773800894,baseline,MOM
2021-03,202,58.91089108910891,54.98970297029703,11107.92,-4580.889999999996,6.177392371001935,6.292447197668958,8.069441462842036,baseline,MOM
2021-04,183,38.79781420765027,7.072950819672132,1294.3500000000001,-4688.419999999999,0.7818851746130876,0.8378103989074984,1.4185676840997175,baseline,MOM
2021-05,205,45.85365853658537,13.459902439024384,2759.279999999999,-3883.4400000000005,1.920399353422554,1.9864269698142063,3.7434264927847787,baseline,MOM
2021-06,212,54.24528301886793,56.31103773584907,11937.940000000002,-4598.949999999999,6.4983579605831165,6.760134063241099,10.589593059220153,baseline,MOM
2021-07,220,41.36363636363637,5.205727272727275,1145.2600000000004,-3005.3500000000013,1.045318156924609,1.0620861338148286,1.2746470964745444,baseline,MOM
2021-08,156,21.794871794871796,-79.18557692307692,-12352.95,-12650.419999999995,-10.26984370135476,-11.534307154421825,-26.537054973551626,baseline,MOM
2021-09,192,40.625,-36.76182291666667,-7058.2699999999995,-8805.939999999999,-5.21900413947716,-5.315324477710739,-9.438624969229343,baseline,MOM
2021-10,240,69.58333333333333,59.795208333333335,14350.85,-3423.1399999999994,5.330987611648091,5.426647760836018,14.553088702189898,baseline,MOM
2021-11,240,51.24999999999999,13.460708333333333,3230.5699999999997,-3709.4799999999996,2.4301905151560974,2.4301905151560974,3.7629600206167066,baseline,MOM
2021-12,163,44.171779141104295,-24.671901840490804,-4021.5200000000013,-4884.820000000001,-3.2093687014945513,-3.378542646530254,-5.5315659379824,baseline,MOM
2022-01,268,36.940298507462686,-54.08410447761194,-14494.539999999999,-20919.210000000006,-7.465615484526342,-7.465615484526342,-13.20337797109434,baseline,MOM
2022-02,151,41.72185430463576,76.9805298013245,11624.06,-2489.2299999999996,5.897343654748216,6.427288589462369,8.09812348871533,baseline,MOM
2022-03,241,48.96265560165975,3.5424066390041506,853.7200000000003,-13536.409999999996,0.2436113953366846,0.2603930594847193,0.6323006923769485,baseline,MOM
2022-04,176,40.909090909090914,-19.89829545454546,-3502.1000000000004,-13409.370000000006,-1.771188520364564,-1.8319378399392652,-2.640743946855949,baseline,MOM
2022-05,193,60.10362694300518,44.4721243523316,8583.119999999999,-3321.4300000000003,3.4011663608344476,3.5182078186861414,6.660482520706375,baseline,MOM
2022-06,215,37.2093023255814,-23.91153488372093,-5140.98,-13918.969999999998,-2.2966982915042418,-2.335443796333671,-4.2753953124628765,baseline,MOM
2022-07,174,44.252873563218394,28.704310344827586,4994.55,-9371.44,2.1348700866651926,2.206142672184642,4.080819100611377,baseline,MOM
2022-08,148,48.64864864864865,44.87148648648648,6640.98,-2728.2899999999995,4.273689373569455,4.59356351262102,7.390053475560506,baseline,MOM
2022-09,250,46.400000000000006,-31.34184,-7835.46,-11296.209999999997,-4.3571820058094275,-4.3571820058094275,-5.674577653172917,baseline,MOM
2022-10,199,45.22613065326633,31.39743718592965,6248.09,-4081.03,2.7636072681543173,2.8571163348403448,4.021192782596334,baseline,MOM
2022-11,222,60.36036036036037,73.149009009009,16239.08,-2875.38,5.289861228276188,5.601171060575791,13.078462850697507,baseline,MOM
2022-12,172,44.18604651162791,6.760406976744183,1162.7899999999995,-6614.269999999999,0.725706119074392,0.7495061698358731,1.0319438595335797,baseline,MOM
2023-01,220,51.36363636363637,42.81168181818182,9418.57,-5217.750000000001,3.193664203868453,3.424229517587556,8.864296775065354,baseline,MOM
2023-02,158,67.08860759493672,123.12765822784812,19454.170000000002,-1151.0899999999992,8.726130949988482,9.153618766649688,19.2375193814127,baseline,MOM
2023-03,159,51.57232704402516,-14.452641509433963,-2297.9700000000003,-3560.3999999999996,-3.4451354228562256,-3.4451354228562256,-2.7442025631966276,baseline,MOM
2023-04,98,46.93877551020408,56.36377551020408,5523.65,-2819.120000000001,5.171259762016738,5.26651331953334,5.788563003885829,baseline,MOM
2023-05,88,45.45454545454545,9.605227272727268,845.2599999999995,-1964.4199999999992,0.8610698194453557,0.9374823232616372,0.9591163637006958,baseline,MOM
2023-06,121,40.49586776859504,-37.138842975206614,-4493.8,-5120.199999999998,-5.756056265246326,-5.756056265246326,-6.753720089526454,baseline,MOM
2023-07,102,22.54901960784314,-151.31921568627453,-15434.560000000001,-15316.829999999998,-24.64209085157067,-24.64209085157067,-25.867850235701784,baseline,MOM
2023-08,119,47.89915966386555,-12.12462184873949,-1442.8299999999995,-4177.739999999999,-1.3984309157204504,-1.5232593945326072,-2.5244755460665993,baseline,MOM
2023-09,234,37.60683760683761,-46.20534188034188,-10812.05,-11196.800000000001,-6.66165243299396,-7.080560379491013,-13.614069808255154,baseline,MOM
2023-10,205,39.51219512195122,-49.43580487804878,-10134.34,-10939.170000000006,-7.098914463505252,-7.540126397164783,-14.046414682834186,baseline,MOM
2023-11,163,45.39877300613497,402.7429447852761,65647.1,-7505.289999999999,6.768468201722976,6.902500355094952,6.462369780399222,baseline,MOM
2023-12,240,57.08333333333333,100.44195833333335,24106.070000000003,-2265.2100000000028,4.530099294020194,4.691953321831085,5.309779873576581,baseline,MOM
2024-01,213,64.31924882629107,73.84863849765259,15729.76,-2807.0700000000015,7.939193758689818,8.112180872858602,16.36078420135737,baseline,MOM
2024-02,154,35.064935064935064,-42.78435064935065,-6588.79,-7453.97,-6.269169359110442,-6.669773693083576,-10.748639635628175,baseline,MOM
2024-03,213,39.906103286384976,0.44577464788732307,94.94999999999982,-6557.2400000000025,0.06453269668155037,0.06778055618942186,0.1220575666913441,baseline,MOM
2024-04,215,43.72093023255814,-13.364418604651165,-2873.3500000000004,-5473.409999999998,-2.781818459512271,-2.882589929086688,-4.221668113867918,baseline,MOM
2024-05,128,44.53125,33.735859375000004,4318.1900000000005,-2985.7700000000027,2.713648811176811,2.9070412689736425,4.014018113331724,baseline,MOM
2024-06,228,40.78947368421053,-10.688508771929827,-2436.9800000000005,-8782.409999999998,-1.565232786244449,-1.565232786244449,-2.588704123569607,baseline,MOM
2024-07,232,57.758620689655174,56.82487068965517,13183.369999999999,-6022.299999999997,3.8812120942319552,4.0974125421261585,10.980354264087522,baseline,MOM
2024-08,270,57.407407407407405,81.49248148148149,22002.97,-6565.7800000000025,4.935853649820446,5.315254221653009,14.367355815690596,baseline,MOM
2024-09,163,14.11042944785276,-88.26932515337424,-14387.900000000001,-14143.319999999996,-12.578973591608362,-12.578973591608362,-25.902765519712307,baseline,MOM
2024-10,180,48.333333333333336,-10.76644444444445,-1937.960000000001,-6039.310000000001,-1.1754431659312847,-1.1943220723776469,-2.1834778224724083,baseline,MOM
2024-11,212,38.67924528301887,-18.159198113207548,-3849.75,-7121.7699999999995,-2.6332442311033133,-2.6332442311033133,-4.833122484313094,baseline,MOM
2024-12,234,51.70940170940172,28.70461538461539,6716.880000000001,-6632.819999999998,3.7914216740398676,3.8557420707138066,6.593472727702825,baseline,MOM
2025-01,204,52.94117647058824,24.702598039215687,5039.33,-2881.790000000001,2.784805866886449,2.8790801926507115,5.2602942884440695,baseline,MOM
2025-02,167,59.88023952095808,106.85880239520957,17845.42,-3165.579999999998,8.616708926933633,8.616708926933633,12.281308602925831,baseline,MOM
2025-03,211,37.44075829383886,94.61943127962087,19964.700000000004,-12211.460000000003,4.507517513101161,4.668429223714061,8.163254571664469,baseline,MOM
2025-04,201,64.6766169154229,95.17348258706468,19129.870000000003,-9012.180000000002,5.087765969578866,5.4957287606217,11.200345374511658,baseline,MOM
2025-05,155,36.774193548387096,-29.493419354838718,-4571.480000000001,-9249.32,-2.0650005914403518,-2.174643692633984,-4.470020400003792,baseline,MOM
2025-06,209,25.837320574162682,-54.59894736842105,-11411.18,-12615.220000000003,-10.575247477574539,-11.13665004052924,-21.620629978541555,baseline,MOM
2025-07,184,23.369565217391305,-71.00826086956522,-13065.52,-13094.96,-17.069388809724,-17.069388809724,-23.97106111658847,baseline,MOM
2025-08,157,31.84713375796178,-49.076242038216556,-7704.969999999999,-8440.510000000006,-7.495743218517993,-8.345513667833858,-13.817508937487165,baseline,MOM
2025-09,218,50.45871559633027,18.056743119266052,3936.369999999999,-4376.53,2.984791068979831,3.0897834197438345,6.393164269040016,baseline,MOM
2025-10,234,49.572649572649574,34.28405982905983,8022.469999999999,-2223.57,4.808947094867014,4.89626923408294,8.338078974129525,baseline,MOM
2025-11,175,17.71428571428571,-96.1050857142857,-16818.39,-16747.88,-14.027586054354506,-14.939428555311975,-26.981412135595374,baseline,MOM
2025-12,29,31.03448275862069,-23.37275862068966,-677.8100000000001,-1271.94,-3.047186452852227,-3.972601437127319,-4.981685149548816,baseline,MOM
2018-01,1,100.0,29.04,29.04,0.0,0.0,0.0,0.0,loss_streak_3_14d,MOM
2018-02,135,60.0,49.11274074074075,6630.220000000001,-1498.6299999999999,6.317524720681859,7.456670373212374,12.485425673631152,loss_streak_3_14d,MOM
2018-03,128,45.3125,-14.611953125,-1870.33,-5856.210000000001,-1.819288403433521,-1.8497225299012146,-3.1360106001313617,loss_streak_3_14d,MOM
2018-04,184,81.52173913043478,182.37728260869565,33557.42,-579.0200000000004,14.896039972108355,17.310315060409387,32.29383304880178,loss_streak_3_14d,MOM
2018-05,169,65.08875739644971,64.47644970414201,10896.52,-835.19,9.080316985710445,9.958258973898882,14.799608981409007,loss_streak_3_14d,MOM
2018-06,140,67.14285714285714,76.09135714285713,10652.789999999999,-915.25,9.324103717381954,10.275160484227069,19.496292330167613,loss_streak_3_14d,MOM
2018-07,136,44.11764705882353,1.6459558823529439,223.85000000000036,-2489.96,0.30977117635582097,0.3199108589874924,0.4649791145120039,loss_streak_3_14d,MOM
2018-08,100,28.000000000000004,-65.24300000000001,-6524.300000000001,-6327.799999999999,-11.983442354338017,-13.850844661488452,-17.95298526297212,loss_streak_3_14d,MOM
2018-09,130,36.92307692307693,-27.284,-3546.92,-5235.93,-4.060537358456333,-4.288129629494055,-6.736823313132229,loss_streak_3_14d,MOM
2018-10,147,54.421768707483,33.041564625850334,4857.109999999999,-2047.19,3.9888413824346958,4.369041908189829,8.326898289483884,loss_streak_3_14d,MOM
2018-11,125,50.4,32.41383999999999,4051.7299999999996,-1617.0999999999995,5.039317873869625,5.442538683009137,5.718232135539714,loss_streak_3_14d,MOM
2018-12,134,58.2089552238806,64.10641791044776,8590.26,-3892.63,3.982692206854695,4.452048019728081,11.32223019464851,loss_streak_3_14d,MOM
2019-01,114,50.877192982456144,13.644298245614031,1555.4499999999996,-3114.0,1.5536348101123856,1.665709005000066,2.5816931393533773,loss_streak_3_14d,MOM
2019-02,101,57.42574257425742,22.590693069306937,2281.6600000000008,-1625.6599999999994,2.9772421631899424,3.2156381408372043,5.886975278470464,loss_streak_3_14d,MOM
2019-03,145,40.689655172413794,-28.128206896551724,-4078.59,-5675.760000000001,-4.158180280924517,-4.557032522212486,-8.079026729069755,loss_streak_3_14d,MOM
2019-04,103,53.398058252427184,9.215339805825245,949.1800000000002,-1640.8099999999997,1.918713865163728,2.063104094806388,3.3756232759995743,loss_streak_3_14d,MOM
2019-05,181,70.71823204419888,86.43,15643.830000000002,-960.4500000000007,10.777522815197248,11.620318775987418,20.640078554924372,loss_streak_3_14d,MOM
2019-06,142,54.22535211267606,40.59302816901408,5764.21,-3028.7300000000005,4.494697786668839,4.660545480752202,8.996683661586657,loss_streak_3_14d,MOM
2019-07,111,47.74774774774775,-7.017747747747747,-778.9699999999999,-3287.7599999999998,-1.1593054114302987,-1.177922094158865,-2.0227653738231735,loss_streak_3_14d,MOM
2019-08,148,60.810810810810814,54.74135135135136,8101.720000000001,-1449.369999999998,7.292496946592152,8.109176687468128,13.392586147078669,loss_streak_3_14d,MOM
2019-09,182,65.93406593406593,58.07868131868132,10570.32,-1337.1599999999999,7.547723153717348,8.045965459679092,14.208835612208444,loss_streak_3_14d,MOM
2019-10,126,39.682539682539684,-13.698095238095236,-1725.9599999999998,-3766.67,-2.21279048465847,-2.4131153370439917,-3.2126799336985212,loss_streak_3_14d,MOM
2019-11,122,37.704918032786885,-32.17032786885247,-3924.7800000000007,-4490.500000000002,-6.378260545637841,-6.922663855426235,-10.113240743310978,loss_streak_3_14d,MOM
2019-12,131,70.22900763358778,78.41839694656488,10272.81,-942.1200000000001,6.950273462277129,8.14564009822307,18.240256125242524,loss_streak_3_14d,MOM
2020-01,135,55.55555555555556,51.616370370370376,6968.210000000001,-2388.699999999999,5.7704173695047105,6.231156604929417,10.997101543342092,loss_streak_3_14d,MOM
2020-02,159,51.57232704402516,8.379937106918229,1332.4099999999985,-4470.039999999999,1.0746427045456453,1.1124547290093039,2.120770969471807,loss_streak_3_14d,MOM
2020-03,198,65.15151515151516,160.48595959595963,31776.22000000001,-3035.870000000001,9.338811700833709,9.551957123758436,14.947551371020195,loss_streak_3_14d,MOM
2020-04,98,52.04081632653062,-22.39561224489797,-2194.770000000001,-3598.8,-2.4371326291965736,-2.732555075840583,-3.958873457237339,loss_streak_3_14d,MOM
2020-05,93,53.76344086021505,103.08688172043011,9587.08,-3052.3199999999997,3.1639100649870238,3.5264735194562293,8.484175579236549,loss_streak_3_14d,MOM
2020-06,166,56.62650602409639,38.07969879518072,6321.23,-4525.540000000002,3.697606688732057,3.978531349366754,6.18067314521944,loss_streak_3_14d,MOM
2020-07,138,52.17391304347826,169.63065217391303,23409.03,-1318.8600000000006,5.491206320560199,6.182665745055159,12.417095207742426,loss_streak_3_14d,MOM
2020-08,127,61.417322834645674,77.90118110236222,9893.45,-2665.9699999999993,5.890700728385805,6.234876475100401,11.845394945765241,loss_streak_3_14d,MOM
2020-09,157,57.324840764331206,33.46050955414013,5253.3,-3315.129999999999,3.783966552452623,3.9940663796148006,6.181557300845655,loss_streak_3_14d,MOM
2020-10,111,37.83783783783784,-61.25891891891891,-6799.739999999999,-6759.0,-7.0443989296068095,-7.821852918972031,-13.394439800521823,loss_streak_3_14d,MOM
2020-11,112,57.14285714285714,82.48187500000002,9237.970000000001,-1545.1599999999999,7.493348584751382,7.822795105197696,10.546095315296883,loss_streak_3_14d,MOM
2020-12,115,59.130434782608695,26.598782608695657,3058.8600000000006,-760.3800000000001,3.8898395726184107,4.176965282005621,6.190445128011062,loss_streak_3_14d,MOM
2021-01,114,50.877192982456144,40.6242105263158,4631.160000000001,-1258.499999999999,5.123141699777296,5.63476188751886,8.493055181666701,loss_streak_3_14d,MOM
2021-02,109,52.293577981651374,33.787247706422015,3682.81,-1966.8999999999999,4.3341442930436225,4.697297706261693,7.011660674555982,loss_streak_3_14d,MOM
2021-03,145,69.6551724137931,121.1288275862069,17563.68,-2009.0099999999984,11.432696740395922,12.031210373220915,14.999268014072024,loss_streak_3_14d,MOM
2021-04,119,50.42016806722689,52.01537815126051,6189.83,-1799.5499999999988,4.16352569181936,4.577852820104851,7.621981068246596,loss_streak_3_14d,MOM
2021-05,139,54.67625899280576,46.26115107913669,6430.299999999999,-1649.6800000000012,5.935913438923685,6.176911609189472,11.021868321792224,loss_streak_3_14d,MOM
2021-06,165,65.45454545454545,104.30739393939392,17210.719999999998,-2602.080000000001,10.473062103065406,11.304824426618787,17.705225024503555,loss_streak_3_14d,MOM
2021-07,146,52.73972602739726,41.71801369863014,6090.83,-1075.6600000000026,6.836502700728174,7.1073105356483905,7.961772752429747,loss_streak_3_14d,MOM
2021-08,83,24.096385542168676,-66.39313253012048,-5510.63,-5690.759999999999,-9.065894038578838,-9.34504851164146,-18.308325631783944,loss_streak_3_14d,MOM
2021-09,142,51.40845070422535,-2.736197183098592,-388.5400000000001,-2571.5899999999992,-0.34469292481911784,-0.36929002412524586,-0.6506844293144839,loss_streak_3_14d,MOM
2021-10,211,78.19905213270142,92.99113744075828,19621.129999999997,-1770.7300000000014,7.5387332770848845,8.20071697480703,26.19579400432743,loss_streak_3_14d,MOM
2021-11,162,62.96296296296296,48.269999999999996,7819.74,-753.8500000000004,7.5110213998858875,7.5110213998858875,12.98944017853531,loss_streak_3_14d,MOM
2021-12,114,52.63157894736842,-4.716929824561405,-537.7300000000002,-2598.2999999999997,-0.5445561713136389,-0.5821109675506323,-0.8535901188072841,loss_streak_3_14d,MOM
2022-01,172,51.74418604651163,1.2149418604651152,208.9699999999998,-6612.500000000001,0.1571930448863105,0.15970292505501288,0.25982478938800885,loss_streak_3_14d,MOM
2022-02,106,53.77358490566038,141.1924528301887,14966.400000000001,-1629.1499999999999,7.848831660383455,8.873081983196123,11.153126177517676,loss_streak_3_14d,MOM
2022-03,157,57.324840764331206,45.00707006369427,7066.110000000001,-7522.169999999999,2.3068038568248106,2.672696245099141,6.449099992318153,loss_streak_3_14d,MOM
2022-04,116,52.58620689655172,42.159396551724136,4890.49,-7408.140000000001,2.6025457428067496,2.9072876737011604,4.575550934692912,loss_streak_3_14d,MOM
2022-05,154,70.12987012987013,100.83168831168831,15528.08,-1681.0499999999975,6.463293376838548,6.851744350707022,14.113415025792245,loss_streak_3_14d,MOM
2022-06,135,52.59259259259259,63.340888888888905,8551.020000000002,-4093.12,3.823753734907418,4.036343170365541,9.309323634439602,loss_streak_3_14d,MOM
2022-07,117,58.119658119658126,116.19333333333333,13594.619999999999,-3508.0800000000017,7.444983117056808,8.286406771544478,13.88160796151241,loss_streak_3_14d,MOM
2022-08,118,58.47457627118644,84.16093220338983,9930.99,-1328.9299999999996,6.521755533559535,7.220551002761797,12.19150254015861,loss_streak_3_14d,MOM
2022-09,168,58.92857142857143,23.798333333333332,3998.12,-4767.209999999999,2.223219622219264,2.3416265717426663,3.8971198868539374,loss_streak_3_14d,MOM
2022-10,138,55.79710144927537,97.83905797101451,13501.790000000003,-2926.83,7.296808022208376,7.592930942048615,9.551450012568042,loss_streak_3_14d,MOM
2022-11,164,71.95121951219512,149.07146341463417,24447.72,-1662.0199999999968,9.30010899134506,9.983283545709511,26.65152244103723,loss_streak_3_14d,MOM
2022-12,129,52.71317829457365,41.05100775193798,5295.58,-3461.4999999999973,3.670648145503885,3.866846275606997,5.1066091117696875,loss_streak_3_14d,MOM
2023-01,160,63.74999999999999,88.0035,14080.560000000001,-1826.6299999999956,5.299694903210915,5.833269882087635,15.494869357438505,loss_streak_3_14d,MOM
2023-02,134,76.11940298507463,162.78104477611942,21812.66,-696.97,10.007128398020043,10.538467885504122,23.817119929031787,loss_streak_3_14d,MOM
2023-03,126,62.698412698412696,12.941190476190481,1630.5900000000006,-2088.31,2.3721047911354076,2.3721047911354076,2.1800747062396577,loss_streak_3_14d,MOM
2023-04,79,58.22784810126582,107.6820253164557,8506.88,-930.5999999999967,8.967632911580287,9.167843576034876,9.669396805746311,loss_streak_3_14d,MOM
2023-05,75,53.333333333333336,52.38853333333333,3929.1399999999994,-1450.9600000000005,4.20648702433146,4.7065304498037674,4.875844701902646,loss_streak_3_14d,MOM
2023-06,88,55.68181818181818,14.671250000000002,1291.0700000000002,-1895.88,2.0801702148316292,2.231577721214085,2.582127853019111,loss_streak_3_14d,MOM
2023-07,73,28.767123287671232,-117.80767123287673,-8599.960000000001,-8524.890000000001,-14.815028757091248,-17.8622733426087,-20.54729000682381,loss_streak_3_14d,MOM
2023-08,95,60.0,37.124210526315785,3526.7999999999993,-1795.5,4.5319029853974255,5.275431458330203,10.217343448169311,loss_streak_3_14d,MOM
2023-09,137,51.82481751824818,-8.700000000000006,-1191.9000000000008,-3351.210000000001,-1.210173489755899,-1.321894383299448,-2.2706871186312245,loss_streak_3_14d,MOM
2023-10,143,48.95104895104895,-16.67153846153846,-2384.0299999999997,-3171.649999999999,-3.079896804194888,-3.4319383445469165,-5.0619187773401055,loss_streak_3_14d,MOM
2023-11,114,53.50877192982456,616.2835087719299,70256.32,-3967.8600000000006,7.259188489643904,7.406571080755157,6.980192995632118,loss_streak_3_14d,MOM
2023-12,199,65.32663316582915,143.6088944723618,28578.17,-1971.719999999994,5.423720687489168,5.9729865789515335,6.701444197679645,loss_streak_3_14d,MOM
2024-01,183,73.224043715847,106.12131147540983,19420.199999999997,-704.9600000000028,10.158000162250563,11.299282158574396,24.051555047481532,loss_streak_3_14d,MOM
2024-02,100,50.0,-1.4742000000000013,-147.42000000000013,-2833.3599999999997,-0.2111270168341579,-0.23121912735749287,-0.2884630765826318,loss_streak_3_14d,MOM
2024-03,133,49.62406015037594,30.3515037593985,4036.7500000000005,-3618.3599999999974,3.023677516822083,3.3687189166562344,5.99830579072005,loss_streak_3_14d,MOM
2024-04,124,47.58064516129033,12.59798387096774,1562.1499999999996,-2551.2300000000005,1.7791701768578008,1.8765465535299126,2.8324249992338815,loss_streak_3_14d,MOM
2024-05,93,53.76344086021505,79.92397849462365,7432.929999999999,-1658.0700000000015,4.974832254590045,5.468345356907268,7.513577577190533,loss_streak_3_14d,MOM
2024-06,150,54.666666666666664,34.03173333333334,5104.760000000001,-4429.579999999999,4.430412797263944,4.509741550426564,6.649246336106923,loss_streak_3_14d,MOM
2024-07,183,71.03825136612022,110.43863387978142,20210.27,-1984.5800000000013,6.470374838994376,7.025335742091452,19.444549977307943,loss_streak_3_14d,MOM
2024-08,223,67.2645739910314,133.26004484304934,29716.99,-3012.0300000000025,6.909410486218942,7.6660435828971805,22.46412284735401,loss_streak_3_14d,MOM
2024-09,80,21.25,-60.242125,-4819.37,-4754.469999999999,-7.644569422823264,-8.009770269952055,-11.796807946489082,loss_streak_3_14d,MOM
2024-10,128,61.71875,40.940546874999995,5240.389999999999,-2865.6699999999996,3.743742303575238,4.097481333814572,7.8055218513854,loss_streak_3_14d,MOM
2024-11,127,47.24409448818898,11.141811023622047,1415.01,-3439.83,1.2204509107180928,1.2634576794052055,2.0985611434083022,loss_streak_3_14d,MOM
2024-12,163,65.03067484662577,85.37159509202452,13915.569999999998,-1681.8400000000004,9.531782239811806,9.972598964939985,17.00262016418444,loss_streak_3_14d,MOM
2025-01,154,66.23376623376623,76.66805194805194,11806.88,-1059.73,6.130646705572488,6.365151470606686,15.017102914737274,loss_streak_3_14d,MOM
2025-02,145,65.51724137931035,133.28310344827588,19326.050000000003,-2342.1500000000015,9.922026117758202,9.922026117758202,13.877713573204877,loss_streak_3_14d,MOM
2025-03,118,50.847457627118644,253.06372881355932,29861.52,-4554.0,7.953840437070448,8.725463306286661,14.703996287190929,loss_streak_3_14d,MOM
2025-04,159,72.95597484276729,129.754213836478,20630.92,-7790.859999999999,6.387636254802645,7.339763715826385,14.339048468398717,loss_streak_3_14d,MOM
2025-05,115,48.69565217391305,11.402173913043482,1311.2500000000005,-5573.9299999999985,0.6558500128926763,0.7160924567209633,1.4199157656457384,loss_streak_3_14d,MOM
2025-06,109,40.36697247706422,-12.563761467889911,-1369.4500000000003,-3046.1099999999997,-1.9984058087194583,-2.192295812971672,-3.680072036865883,loss_streak_3_14d,MOM
2025-07,94,34.04255319148936,-47.309255319148924,-4447.069999999999,-5289.11,-7.331645418258278,-7.793203902906905,-10.178302148374481,loss_streak_3_14d,MOM
2025-08,105,37.142857142857146,-46.73742857142857,-4907.43,-5228.980000000003,-6.801779381747369,-7.914738082773477,-10.858351818874867,loss_streak_3_14d,MOM
2025-09,159,63.52201257861635,42.792893081761,6804.07,-2231.83,6.2089445740941915,6.887945632626744,13.59362890258272,loss_streak_3_14d,MOM
2025-10,147,50.34013605442177,40.15571428571428,5902.889999999999,-1636.75,4.80830758486997,5.085568165153081,7.719641080987074,loss_streak_3_14d,MOM
2025-11,98,20.408163265306122,-82.65602040816327,-8100.29,-7927.94,-10.781106024823817,-12.442244710353302,-18.988019780428065,loss_streak_3_14d,MOM
2025-12,20,45.0,5.386499999999996,107.72999999999993,-902.5899999999999,0.3969777497756173,0.5395682683416394,0.9025115030708727,loss_streak_3_14d,MOM
2018-02,49,36.734693877551024,-28.098979591836727,-1376.8499999999997,-1734.0900000000001,-3.465093630634899,-4.219068475585115,-6.218826770412965,baseline,REV
2018-03,54,66.66666666666666,60.50574074074074,3267.31,-472.1899999999998,11.336921554194175,15.288887509298782,12.816152721739165,baseline,REV
2018-04,52,30.76923076923077,-159.71249999999998,-8305.05,-9226.189999999999,-12.076024742941613,-16.044350861966237,-13.000736613285584,baseline,REV
2018-05,65,47.69230769230769,5.64569230769231,366.97000000000014,-1934.0500000000002,0.6950727640342246,0.8025360002348974,0.8650542491161897,baseline,REV
2018-06,55,36.36363636363637,-17.746363636363633,-976.0499999999998,-2576.13,-1.4114318917390385,-1.8060145754039643,-2.9450718532422084,baseline,REV
2018-07,41,56.09756097560976,4.007560975609758,164.3100000000001,-874.58,0.5519854249021575,0.7046654282312803,0.8320273880505514,baseline,REV
2018-08,31,77.41935483870968,76.84806451612904,2382.2900000000004,-268.3000000000002,7.806901510442712,11.604797488448531,17.0904901030946,baseline,REV
2018-09,47,72.3404255319149,54.51787234042553,2562.3399999999997,-590.24,4.910599574344274,6.360222586606509,10.709363570707149,baseline,REV
2018-10,58,62.06896551724138,4.928965517241381,285.8800000000001,-1253.9099999999999,0.6613219471393906,0.7960804150052283,1.3082976161012294,baseline,REV
2018-11,24,54.166666666666664,-40.67916666666667,-976.3,-2119.3,-2.0443559436121523,-3.18900611774269,-3.325594638202761,baseline,REV
2018-12,49,46.93877551020408,-52.76408163265306,-2585.44,-5122.81,-2.514626548825739,-2.9804180753497307,-5.7268023339283705,baseline,REV
2019-01,56,53.57142857142857,48.065178571428575,2691.65,-647.8100000000001,5.158978213579759,6.222568272178218,6.769057954653159,baseline,REV
2019-02,18,66.66666666666666,66.75222222222222,1201.54,-211.54,5.588271972685722,8.86702670684946,16.041936999329046,baseline,REV
2019-03,63,53.96825396825397,30.27936507936508,1907.6,-829.99,3.435111638108923,4.0904424806280915,5.856163695509635,baseline,REV
2019-04,36,44.44444444444444,3.663333333333333,131.88,-914.6300000000001,0.6105082074393314,0.7744517165536225,1.0406380361911132,baseline,REV
2019-05,69,42.028985507246375,-39.40971014492754,-2719.27,-4308.019999999999,-3.281708127804603,-3.9307165600742193,-5.805723730652753,baseline,REV
2019-06,53,50.943396226415096,-15.206415094339624,-805.94,-2218.66,-1.8553673015944516,-2.171291448932775,-2.7694048527367463,baseline,REV
2019-07,49,48.97959183673469,25.936530612244894,1270.8899999999999,-601.46,3.196741429200887,3.9895010446224486,6.227479079681916,baseline,REV
2019-08,56,28.57142857142857,-84.1194642857143,-4710.6900000000005,-5192.49,-6.78538399207567,-9.616256515019654,-17.431533484711977,baseline,REV
2019-09,49,57.14285714285714,-7.1200000000000045,-348.8800000000002,-1680.1599999999996,-0.5951852438811435,-0.7063264826180347,-0.7169670324979955,baseline,REV
2019-10,36,77.77777777777779,81.73527777777778,2942.4700000000003,-832.1299999999997,5.014066082497848,7.063801516436597,10.870433721963627,baseline,REV
2019-11,31,77.41935483870968,58.100967741935484,1801.13,-429.02000000000004,5.952692774973005,7.781167067686538,10.639080889669252,baseline,REV
2019-12,52,32.69230769230769,-38.034807692307695,-1977.81,-2341.4799999999996,-4.904798758761698,-5.657879410271233,-8.27897610404635,baseline,REV
2020-01,48,62.5,14.683958333333331,704.8299999999999,-887.07,1.6000830413893392,1.8502119707155402,2.290336258682217,baseline,REV
2020-02,67,46.26865671641791,-17.505820895522387,-1172.8899999999999,-2080.02,-1.7485944294675162,-2.0457182307801056,-2.633264689608221,baseline,REV
2020-03,129,27.131782945736433,-163.92116279069768,-21145.83,-22615.96999999999,-10.72526416842094,-11.591943812633637,-14.218472461224453,baseline,REV
2020-04,12,75.0,128.00416666666666,1536.05,-354.84000000000003,4.343412817281691,11.341635584053789,15.006779565973236,baseline,REV
2020-05,26,42.30769230769231,-57.16076923076923,-1486.18,-1933.45,-2.2973047509766045,-3.6568383741048085,-4.084242662976838,baseline,REV
2020-06,52,51.92307692307693,42.337500000000006,2201.55,-1247.62,4.257882116728959,5.716091614892869,5.491096946284325,baseline,REV
2020-07,63,41.269841269841265,-106.26698412698413,-6694.82,-8792.780000000002,-4.070374324381535,-5.258249384753364,-6.975862604329,baseline,REV
2020-08,35,40.0,-53.894571428571425,-1886.31,-2237.46,-2.6839177363219657,-3.558518405257332,-5.004011712168901,baseline,REV
2020-09,42,54.761904761904766,13.692857142857143,575.1,-920.15,1.7825538602648558,2.12069363569477,2.267555829422991,baseline,REV
2020-10,35,71.42857142857143,107.8857142857143,3776.0000000000005,-215.71000000000004,5.962729660927228,8.609189953945284,15.384404192157856,baseline,REV
2020-11,55,43.63636363636363,-16.822727272727278,-925.2500000000002,-2873.3900000000003,-1.2865827074331788,-1.6036092950454355,-2.153703301650552,baseline,REV
2020-12,40,35.0,-28.45725,-1138.29,-1542.8999999999999,-2.452459451473283,-3.0727917466111565,-3.9071877459588906,baseline,REV
2021-01,39,53.84615384615385,13.202564102564102,514.9,-618.2,1.9016262509030133,2.4651614595398517,2.841550304351415,baseline,REV
2021-02,37,59.45945945945946,55.587567567567575,2056.7400000000002,-320.52999999999975,5.356625001574238,7.905154051986997,8.556839030671851,baseline,REV
2021-03,57,35.08771929824561,-81.25684210526316,-4631.64,-5103.98,-6.465241370804087,-7.868419356533365,-8.231500932685162,baseline,REV
2021-04,28,53.57142857142857,-32.952857142857134,-922.6799999999997,-1489.54,-1.730979943297993,-2.4579601373907902,-4.026571516884042,baseline,REV
2021-05,52,40.38461538461539,-26.252884615384623,-1365.1500000000003,-3251.29,-1.8276525427025325,-2.1275770470906,-4.36311071859864,baseline,REV
2021-06,36,44.44444444444444,21.602222222222217,777.6799999999998,-1115.81,2.2281641305363133,2.9807260201297807,2.2351227663943853,baseline,REV
2021-07,65,55.38461538461539,37.821999999999996,2458.43,-909.4499999999996,6.137034738010748,6.407879815143619,7.01904812346269,baseline,REV
2021-08,24,62.5,62.724999999999994,1505.3999999999999,-222.26000000000002,6.889358720272689,9.484922454206915,11.658036044370053,baseline,REV
2021-09,42,50.0,24.80071428571428,1041.6299999999999,-1050.36,2.5719473066861473,3.0586412898550344,3.6272393202723214,baseline,REV
2021-10,56,30.357142857142854,-60.439285714285724,-3384.6000000000004,-4145.009999999999,-2.9117333805948147,-3.759443355734845,-8.286931041152235,baseline,REV
2021-11,68,32.35294117647059,-49.15852941176472,-3342.7800000000007,-3338.9100000000008,-6.738450001867425,-7.882205695227302,-9.312157011101698,baseline,REV
2021-12,35,62.857142857142854,39.61228571428571,1386.4299999999998,-981.4799999999999,3.055914299845776,3.995172328386345,5.472958639154685,baseline,REV
2022-01,72,58.333333333333336,48.12986111111111,3465.35,-1365.6000000000001,5.455039842961516,5.8841432701700995,6.61395239269183,baseline,REV
2022-02,34,44.11764705882353,-166.14617647058824,-5648.97,-6902.220000000001,-6.3211945887451035,-7.92075468581187,-8.43829851844948,baseline,REV
2022-03,75,42.66666666666667,-44.0224,-3301.68,-4555.969999999999,-2.569806047017463,-3.117564447119111,-5.009444691874669,baseline,REV
2022-04,34,50.0,-39.64794117647058,-1348.0299999999997,-1967.4199999999998,-2.232946188600413,-2.9501036961630027,-3.9026426438977104,baseline,REV
2022-05,46,36.95652173913043,-39.9436956521739,-1837.4099999999994,-3305.9900000000007,-1.9616535723360926,-2.43031704738116,-3.6079471070102422,baseline,REV
2022-06,44,47.72727272727273,-28.240000000000006,-1242.5600000000002,-4082.8100000000004,-1.7136780301237642,-2.0822194955110978,-3.3014653038691857,baseline,REV
2022-07,42,57.14285714285714,17.815238095238097,748.2400000000001,-2178.3300000000004,1.1620901108036787,1.5708821386348177,2.1657583339825908,baseline,REV
2022-08,21,57.14285714285714,79.2442857142857,1664.1299999999997,-145.48,6.274801096530732,10.20068655663147,11.186267092598364,baseline,REV
2022-09,77,62.33766233766234,70.1327272727273,5400.220000000001,-935.5099999999993,6.324253273543517,7.189282033430165,8.707281042798629,baseline,REV
2022-10,38,42.10526315789473,-50.84236842105264,-1932.0100000000002,-4027.66,-2.3912434974576877,-2.9204951881630707,-3.7020763531476217,baseline,REV
2022-11,65,40.0,-21.48230769230769,-1396.3499999999997,-5488.85,-1.1771626311066525,-1.504997347542414,-2.630391465613304,baseline,REV
2022-12,41,43.90243902439025,-47.61951219512195,-1952.3999999999999,-1859.7099999999996,-4.696194021246284,-5.942543739619399,-6.21456451528923,baseline,REV
2023-01,50,44.0,-76.6802,-3834.0099999999998,-5553.950000000001,-4.048246991678362,-5.22839393093263,-7.871139122668806,baseline,REV
2023-02,33,21.21212121212121,-189.5687878787879,-6255.77,-6258.49,-6.679084145399737,-10.001897025894122,-15.525698237340125,baseline,REV
2023-03,69,42.028985507246375,-10.430579710144926,-719.7099999999999,-2336.05,-1.1277982640295887,-1.2087175729257016,-1.2660187736811546,baseline,REV
2023-04,19,57.89473684210527,-176.2521052631579,-3348.79,-3964.8599999999997,-5.414976573827141,-7.837184843899683,-7.587790090175241,baseline,REV
2023-05,23,39.130434782608695,-37.11695652173914,-853.6900000000002,-2199.1400000000003,-1.6181517697326524,-2.0946195299024,-2.3261286251074833,baseline,REV
2023-06,22,68.18181818181817,112.7240909090909,2479.93,-590.9200000000001,6.7366111785109375,9.185709650163083,9.894076056719046,baseline,REV
2023-07,23,65.21739130434783,123.07608695652173,2830.75,-120.38,8.624738081581734,12.443415355903454,16.21700373690653,baseline,REV
2023-08,5,60.0,77.06,385.3,-355.14,1.7461206810334415,3.9484237016135366,3.9484237016135366,baseline,REV
2023-09,42,42.857142857142854,63.91619047619048,2684.48,-994.8600000000006,3.2815022813103623,4.250523192685904,7.717771846122483,baseline,REV
2023-10,54,57.407407407407405,90.96185185185186,4911.9400000000005,-592.0300000000007,5.253170268214063,6.691487932209738,12.242814298098416,baseline,REV
2023-11,42,35.714285714285715,-19.217619047619042,-807.1399999999998,-2297.23,-1.5655167338733187,-1.9531299863065668,-2.357302271086246,baseline,REV
2023-12,56,50.0,-8.588035714285713,-480.92999999999995,-1455.3,-1.0594095679094029,-1.2237602538717658,-1.55607156310785,baseline,REV
2024-01,41,29.268292682926827,-93.34341463414634,-3827.08,-3974.6899999999996,-6.125517694361549,-8.531032542205685,-18.20123534526377,baseline,REV
2024-02,21,61.904761904761905,75.3347619047619,1582.03,-83.12999999999988,6.946544423494339,12.925646522541651,13.010726386555291,baseline,REV
2024-03,59,62.71186440677966,11.197118644067794,660.6299999999999,-1930.6,0.9854891168236855,1.2386628212160662,2.2664474475217347,baseline,REV
2024-04,69,49.275362318840585,7.267971014492753,501.48999999999995,-718.11,1.1679203603151485,1.2797898269592112,1.7081763253298936,baseline,REV
2024-05,23,43.47826086956522,-78.40260869565216,-1803.2599999999998,-3761.36,-2.32806700816318,-3.447451857052229,-4.155573815227325,baseline,REV
2024-06,50,48.0,13.9398,696.99,-1913.81,1.3648258292652862,1.621839939459486,2.2848426941609934,baseline,REV
2024-07,47,29.78723404255319,-117.071914893617,-5502.379999999999,-6188.029999999999,-4.8551421552345095,-5.981019354097539,-10.519623589742102,baseline,REV
2024-08,74,32.432432432432435,-84.46554054054054,-6250.450000000001,-8281.5,-4.042869195626246,-5.08151674861572,-9.282979723874297,baseline,REV
2024-09,30,83.33333333333334,74.22266666666665,2226.68,-284.03,7.260206834254224,12.039961941510496,12.658285579947911,baseline,REV
2024-10,26,38.46153846153847,-4.416153846153846,-114.82000000000001,-879.7600000000001,-0.34100895072128784,-0.43522026294641203,-0.45999124229732624,baseline,REV
2024-11,59,66.10169491525424,55.65847457627118,3283.85,-690.0899999999997,5.621139717152769,5.969231739698148,9.334962271541878,baseline,REV
2024-12,47,40.42553191489361,-35.62978723404255,-1674.6,-3173.92,-2.3611355683163615,-2.883295109709747,-4.11106877188441,baseline,REV
2025-01,39,46.15384615384615,-0.825897435897439,-32.21000000000012,-1454.2800000000002,-0.06574315301243962,-0.09135859168920984,-0.10171321992023453,baseline,REV
2025-02,40,27.500000000000004,-219.39750000000004,-8775.900000000001,-9348.35,-7.960059319421866,-10.230633969109117,-11.703856579257286,baseline,REV
2025-03,57,70.17543859649122,42.67877192982456,2432.69,-6016.549999999999,1.6363616574386077,1.9026470093323746,2.65168348552627,baseline,REV
2025-04,83,30.120481927710845,-85.66445783132531,-7110.150000000001,-9373.799999999997,-3.9882598652695522,-4.627492670090551,-7.710619587851432,baseline,REV
2025-05,11,72.72727272727273,135.0090909090909,1485.1,-108.65999999999997,5.392860849598163,10.243833450408266,13.859024027954627,baseline,REV
2025-06,51,70.58823529411765,55.01313725490197,2805.6700000000005,-948.3100000000001,6.162078842067728,8.133225582424338,12.315151209134948,baseline,REV
2025-07,39,79.48717948717949,82.91461538461539,3233.67,-440.23,6.683179415268186,9.30132945646299,17.18017081006138,baseline,REV
2025-08,45,57.77777777777777,44.199777777777776,1988.9899999999998,-440.23,5.344251578013156,7.018713472050306,7.6776647169820444,baseline,REV
2025-09,38,52.63157894736842,-37.24842105263158,-1415.4399999999998,-1715.0099999999998,-3.6767455881931452,-5.162003436710972,-6.728082907235306,baseline,REV
2025-10,92,35.869565217391305,-71.59423913043479,-6586.670000000001,-6538.719999999998,-7.494320234625805,-8.376671807911206,-10.776179518625032,baseline,REV
2025-11,28,75.0,79.26964285714284,2219.5499999999997,-548.6099999999999,7.076528162135046,9.282206602325088,9.83711761070864,baseline,REV
2025-12,9,55.55555555555556,-2.5411111111111087,-22.869999999999976,-562.09,-0.2805360607738983,-0.34719310534650605,-0.3533495053788103,baseline,REV
2018-02,46,34.78260869565217,-33.27239130434783,-1530.53,-1887.77,-3.9818326471640515,-5.006434303289114,-7.347721781786797,loss_streak_3_14d,REV
2018-03,51,70.58823529411765,69.06666666666666,3522.4,-241.73000000000002,11.90629659298122,16.303875616697972,14.494860530278467,loss_streak_3_14d,REV
2018-04,39,28.205128205128204,-189.32256410256406,-7383.579999999998,-7488.299999999998,-10.897276746996544,-14.734416957808566,-13.660510353499175,loss_streak_3_14d,REV
2018-05,52,53.84615384615385,32.66519230769231,1698.5900000000001,-816.5799999999999,4.083296701530445,4.798363989676242,4.664000938461428,loss_streak_3_14d,REV
2018-06,45,40.0,-8.257111111111112,-371.57000000000005,-1851.81,-0.580774170197031,-0.741450298344056,-1.1562026073149894,loss_streak_3_14d,REV
2018-07,36,61.111111111111114,13.716111111111111,493.78,-466.97,1.713701575444851,2.323196253953624,2.995059623551206,loss_streak_3_14d,REV
2018-08,30,76.66666666666667,76.83666666666669,2305.100000000001,-268.3000000000002,7.522628971117571,11.622567838661945,17.069574745504067,loss_streak_3_14d,REV
2018-09,46,71.73913043478261,53.295217391304334,2451.5799999999995,-590.24,4.691272252541618,6.252413616453124,10.562790913076794,loss_streak_3_14d,REV
2018-10,51,66.66666666666666,12.523529411764708,638.7,-899.7399999999996,1.762992790951255,2.12779107021407,3.1508691859995093,loss_streak_3_14d,REV
2018-11,23,56.52173913043478,-30.35347826086956,-698.1299999999999,-2119.3,-1.5377052510536657,-2.4001968977465933,-2.524654464214264,loss_streak_3_14d,REV
2018-12,41,53.65853658536586,-8.139024390243906,-333.70000000000016,-2871.0700000000006,-0.5073626421596261,-0.598274244230119,-0.8714688591862844,loss_streak_3_14d,REV
2019-01,34,47.05882352941176,58.012352941176474,1972.42,-558.34,4.817183257566506,6.103985984142814,5.5071300750548575,loss_streak_3_14d,REV
2019-02,18,66.66666666666666,66.75222222222222,1201.54,-211.54,5.588271972685722,8.86702670684946,16.041936999329046,loss_streak_3_14d,REV
2019-03,56,53.57142857142857,31.59589285714286,1769.3700000000001,-769.8500000000001,3.3988420954596594,4.046395521432511,5.570024727332154,loss_streak_3_14d,REV
2019-04,31,45.16129032258064,6.42290322580645,199.10999999999996,-847.4000000000001,0.9385538675129734,1.2258919083704842,1.63037134436977,loss_streak_3_14d,REV
2019-05,59,44.06779661016949,-26.507288135593207,-1563.9299999999992,-3089.89,-2.1376174098181795,-2.607625714554638,-3.6510218072365856,loss_streak_3_14d,REV
2019-06,44,54.54545454545454,-8.195,-360.58000000000004,-1447.99,-1.0642737382001735,-1.2725489787933038,-1.4956616356286183,loss_streak_3_14d,REV
2019-07,40,55.00000000000001,27.3915,1095.66,-379.15999999999974,3.0826306423576435,4.053900531026812,6.416716663268891,loss_streak_3_14d,REV
2019-08,40,27.500000000000004,-79.05799999999999,-3162.3199999999997,-3644.12,-6.4074689583702025,-9.764727091983884,-14.537822143008123,loss_streak_3_14d,REV
2019-09,45,57.77777777777777,-20.984444444444442,-944.3,-1527.6099999999994,-1.9259112648247056,-2.3472796679028627,-2.4969708503897348,loss_streak_3_14d,REV
2019-10,35,80.0,88.668,3103.38,-832.1299999999997,5.230384146253474,7.40074693012817,11.761654968691127,loss_streak_3_14d,REV
2019-11,30,76.66666666666667,54.69433333333334,1640.8300000000002,-429.02000000000004,5.8977227658997595,7.702480429729919,9.800992174374862,loss_streak_3_14d,REV
2019-12,48,33.33333333333333,-38.96583333333333,-1870.36,-2234.0299999999997,-4.805365422605812,-5.539735393775973,-7.883102155588896,loss_streak_3_14d,REV
2020-01,43,62.7906976744186,15.108372093023252,649.6599999999999,-708.16,1.5998863099781233,1.8499836521830006,2.1401950122429936,loss_streak_3_14d,REV
2020-02,63,49.2063492063492,-11.424126984126984,-719.72,-1992.5199999999998,-1.1372523100903689,-1.3286533311766011,-1.6368479579863888,loss_streak_3_14d,REV
2020-03,78,24.358974358974358,-196.5933333333333,-15334.279999999999,-16380.839999999995,-10.5437706610221,-12.908432593581624,-13.762798814873955,loss_streak_3_14d,REV
2020-04,12,75.0,128.00416666666666,1536.05,-354.84000000000003,4.343412817281691,11.341635584053789,15.006779565973236,loss_streak_3_14d,REV
2020-05,25,40.0,-60.233599999999996,-1505.84,-1953.1100000000001,-2.3285025834767317,-3.8676328034905887,-4.32378971449658,loss_streak_3_14d,REV
2020-06,46,54.347826086956516,70.45021739130435,3240.71,-1010.8199999999998,6.442660180020747,8.999872351670582,9.279498576921778,loss_streak_3_14d,REV
2020-07,46,36.95652173913043,-72.84608695652175,-3350.92,-4933.91,-2.5222574395299904,-3.3956067829696304,-4.82576097407917,loss_streak_3_14d,REV
2020-08,31,38.70967741935484,-32.175806451612914,-997.4500000000003,-1726.5500000000002,-1.9638178317297224,-2.5898789552427726,-2.9399145057379954,loss_streak_3_14d,REV
2020-09,38,52.63157894736842,7.115526315789476,270.3900000000001,-920.15,0.9067669888676924,1.1290816710055755,1.159417222152131,loss_streak_3_14d,REV
2020-10,33,69.6969696969697,113.27757575757576,3738.1600000000003,-215.71000000000004,5.893707678835348,8.495231888774754,15.357850652171422,loss_streak_3_14d,REV
2020-11,46,43.47826086956522,-21.50282608695652,-989.1299999999999,-2609.2799999999993,-1.4633123501616485,-1.8727831728540105,-2.4263677680195848,loss_streak_3_14d,REV
2020-12,38,36.84210526315789,-26.401578947368417,-1003.2599999999999,-1484.6699999999998,-2.1487091007620447,-2.6876852660963575,-3.446689480579485,loss_streak_3_14d,REV
2021-01,37,56.75675675675676,15.017567567567568,555.65,-593.9100000000001,2.0290650671860897,2.7104834555771777,3.166607674542281,loss_streak_3_14d,REV
2021-02,33,63.63636363636363,64.11969696969696,2115.95,-286.1999999999998,5.550229565320384,8.231656911439984,8.892859923359467,loss_streak_3_14d,REV
2021-03,42,33.33333333333333,-90.3857142857143,-3796.2000000000007,-4432.9800000000005,-5.349358862472138,-6.8300218365877745,-7.406300053298798,loss_streak_3_14d,REV
2021-04,27,55.55555555555556,-29.766666666666666,-803.6999999999999,-1489.54,-1.544273137179724,-2.189802919368708,-3.5176548750481995,loss_streak_3_14d,REV
2021-05,40,47.5,8.258750000000003,330.3500000000001,-1642.3500000000001,0.5759412867016565,0.725258909889869,1.3562457007498425,loss_streak_3_14d,REV
2021-06,34,47.05882352941176,24.1635294117647,821.5599999999998,-1071.93,2.3617114609255743,3.162672065320925,2.3621883702156117,loss_streak_3_14d,REV
2021-07,60,56.666666666666664,40.19483333333333,2411.6899999999996,-909.4499999999996,5.923506085118832,6.325127085197617,7.126575486083057,loss_streak_3_14d,REV
2021-08,18,61.111111111111114,61.341111111111104,1104.1399999999999,-215.63000000000002,5.473450013550552,8.547644297033749,9.96195717631403,loss_streak_3_14d,REV
2021-09,39,51.28205128205128,29.502820512820506,1150.6099999999997,-899.4599999999999,2.874804627169815,3.42376908025524,4.062785957793612,loss_streak_3_14d,REV
2021-10,44,38.63636363636363,-34.1740909090909,-1503.6599999999996,-2586.73,-1.5138696647124703,-2.0498937598224853,-4.126191059716937,loss_streak_3_14d,REV
2021-11,52,36.53846153846153,-47.49711538461539,-2469.8500000000004,-2527.2700000000004,-5.589949914482299,-6.821880784894509,-7.587886981335166,loss_streak_3_14d,REV
2021-12,29,62.06896551724138,19.458965517241385,564.3100000000002,-981.48,1.5402585974628336,1.9930739866111393,2.516479829513659,loss_streak_3_14d,REV
2022-01,66,59.09090909090909,50.38257575757576,3325.25,-1138.1000000000001,5.461876010826298,6.016014609222124,6.6557151016962735,loss_streak_3_14d,REV
2022-02,33,45.45454545454545,-165.85030303030308,-5473.060000000001,-6726.310000000001,-6.18288982010106,-7.733329226882604,-8.171843313988214,loss_streak_3_14d,REV
2022-03,55,50.90909090909091,-6.76418181818182,-372.0300000000001,-1785.29,-0.4434711368885248,-0.5346204082635904,-0.8130642654284922,loss_streak_3_14d,REV
2022-04,28,50.0,-39.61214285714285,-1109.1399999999999,-1967.42,-2.076608285720667,-2.9115754792894615,-3.5498991889505005,loss_streak_3_14d,REV
2022-05,40,40.0,-29.22150000000001,-1168.8600000000004,-2840.6000000000004,-1.3936321967855163,-1.8620408063518707,-2.5724026309210957,loss_streak_3_14d,REV
2022-06,38,55.26315789473685,-0.8957894736842148,-34.04000000000016,-2874.29,-0.05925700767126159,-0.07178178705174386,-0.09715615483610737,loss_streak_3_14d,REV
2022-07,40,57.49999999999999,18.905,756.2,-2056.0,1.2199637946446826,1.6495246749879569,2.2049610772759545,loss_streak_3_14d,REV
2022-08,20,60.0,85.63749999999999,1712.7499999999998,-145.48,6.51933093644953,10.702402858289744,11.768011945743542,loss_streak_3_14d,REV
2022-09,70,65.71428571428571,82.3207142857143,5762.450000000002,-792.289999999999,6.8800020009699985,7.851938829200474,9.472631715497288,loss_streak_3_14d,REV
2022-10,32,37.5,-78.85625,-2523.4,-4619.05,-3.279575315145666,-4.132809994340803,-5.180008409755466,loss_streak_3_14d,REV
2022-11,49,40.816326530612244,-13.28979591836735,-651.2000000000002,-3912.0800000000004,-0.734329738224005,-0.9911971048221447,-1.571293217850582,loss_streak_3_14d,REV
2022-12,38,44.73684210526316,-49.45105263157894,-1879.1399999999996,-1786.4499999999996,-4.660958130050071,-6.063638214964269,-6.149902890683785,loss_streak_3_14d,REV
2023-01,43,46.51162790697674,-62.433488372093024,-2684.64,-4392.210000000001,-3.3218135029693125,-4.378676225000461,-6.075780907333659,loss_streak_3_14d,REV
2023-02,29,24.137931034482758,-183.62379310344824,-5325.089999999999,-5327.8099999999995,-5.598059495341889,-8.137600915393792,-13.415759378633437,loss_streak_3_14d,REV
2023-03,53,37.735849056603776,-25.048301886792462,-1327.5600000000004,-2587.61,-2.171204065713776,-2.473939757600244,-2.795979252557982,loss_streak_3_14d,REV
2023-04,14,71.42857142857143,-90.33214285714288,-1264.6500000000003,-1120.0,-2.5414864163602497,-3.8702483700729777,-4.016858425534801,loss_streak_3_14d,REV
2023-05,22,40.909090909090914,-28.407272727272723,-624.9599999999999,-1970.4099999999999,-1.1617883083025953,-1.50109797283829,-1.7184842336797734,loss_streak_3_14d,REV
2023-06,20,70.0,113.6375,2272.75,-317.30999999999995,7.362249792610913,10.593628036571536,11.450212077158596,loss_streak_3_14d,REV
2023-07,21,66.66666666666666,119.29857142857145,2505.2700000000004,-120.38,8.049559210532617,11.989561344411037,15.815506072672761,loss_streak_3_14d,REV
2023-08,5,60.0,77.06,385.3,-355.14,1.7461206810334415,3.9484237016135366,3.9484237016135366,loss_streak_3_14d,REV
2023-09,34,47.05882352941176,85.84441176470588,2918.71,-762.3600000000006,3.6000247534637673,4.817903128732873,8.893671757492026,loss_streak_3_14d,REV
2023-10,51,58.82352941176471,95.63470588235293,4877.37,-592.0300000000007,5.388498838897676,6.875786745216632,12.302891641287507,loss_streak_3_14d,REV
2023-11,40,37.5,0.09875000000000114,3.9500000000000455,-1518.9400000000003,0.008421801320198978,0.01047634846874865,0.014756122359778143,loss_streak_3_14d,REV
2023-12,49,46.93877551020408,-19.31836734693878,-946.6000000000001,-1884.7299999999998,-2.244106179938054,-2.718229073709439,-3.469679279350447,loss_streak_3_14d,REV
2024-01,34,29.411764705882355,-107.77999999999999,-3664.5199999999995,-3812.1299999999997,-6.735907502161216,-9.517541062365508,-18.849680481171166,loss_streak_3_14d,REV
2024-02,20,60.0,77.887,1557.74,-83.12999999999988,6.880910226011777,12.750538049788833,12.849544463852805,loss_streak_3_14d,REV
2024-03,53,64.15094339622641,14.957169811320759,792.7300000000002,-1703.98,1.2677446671953267,1.6386141461332884,2.8942332333153438,loss_streak_3_14d,REV
2024-04,61,54.09836065573771,13.797868852459018,841.6700000000001,-711.87,2.017975465628609,2.260312739537549,3.003778613538265,loss_streak_3_14d,REV
2024-05,18,38.88888888888889,-108.67055555555557,-1956.0700000000002,-3007.35,-3.3241361486531624,-4.925220866034189,-5.691431301994653,loss_streak_3_14d,REV
2024-06,45,46.666666666666664,6.922444444444443,311.50999999999993,-1888.84,0.6181737611957103,0.769330194650078,1.1208861319741876,loss_streak_3_14d,REV
2024-07,41,34.146341463414636,-99.13829268292685,-4064.6700000000005,-5073.08,-3.997224693057251,-4.886390304403045,-8.249484238296716,loss_streak_3_14d,REV
2024-08,52,34.61538461538461,-57.146153846153844,-2971.6,-4320.400000000001,-3.116791909591907,-4.352102104171033,-6.030757421793792,loss_streak_3_14d,REV
2024-09,30,83.33333333333334,74.22266666666665,2226.68,-284.03,7.260206834254224,12.039961941510496,12.658285579947911,loss_streak_3_14d,REV
2024-10,23,39.130434782608695,-0.003478260869564062,-0.07999999999997343,-784.2700000000001,-0.0002391535443509002,-0.00031348022328307886,-0.00033117140976690384,loss_streak_3_14d,REV
2024-11,49,63.26530612244898,39.81755102040817,1951.0600000000002,-474.1999999999998,4.801209085288105,5.4335964109873105,7.880292987915584,loss_streak_3_14d,REV
2024-12,43,44.18604651162791,-17.49813953488372,-752.42,-2268.42,-1.2837747906763282,-1.6000957027366494,-2.0084858790128854,loss_streak_3_14d,REV
2025-01,37,45.94594594594595,4.001351351351347,148.04999999999984,-1223.2800000000002,0.324950714663255,0.45165482894965786,0.47543563276984796,loss_streak_3_14d,REV
2025-02,31,29.03225806451613,-228.7190322580645,-7090.289999999999,-7120.179999999999,-7.183872199069205,-10.219643363429078,-11.960238742632537,loss_streak_3_14d,REV
2025-03,54,70.37037037037037,41.957777777777785,2265.7200000000003,-5124.299999999999,1.7294974404513868,2.106329293485259,2.796488548866838,loss_streak_3_14d,REV
2025-04,64,32.8125,-49.786249999999995,-3186.3199999999997,-6322.98,-2.4053029612446886,-2.910659691615675,-4.081917056282403,loss_streak_3_14d,REV
2025-05,11,72.72727272727273,135.0090909090909,1485.1,-108.65999999999997,5.392860849598163,10.243833450408266,13.859024027954627,loss_streak_3_14d,REV
2025-06,46,73.91304347826086,59.546739130434794,2739.1500000000005,-948.0300000000001,6.143946267568487,8.718661353195655,13.014229015731352,loss_streak_3_14d,REV
2025-07,38,78.94736842105263,79.07026315789474,3004.67,-440.23,6.220640617337216,8.884969014566423,16.80588982039957,loss_streak_3_14d,REV
2025-08,41,58.536585365853654,48.24536585365853,1978.0599999999997,-440.23,5.320306035254149,6.984771553649552,7.668600190315026,loss_streak_3_14d,REV
2025-09,36,52.77777777777778,-41.263888888888886,-1485.5,-1715.01,-3.809926916273332,-5.3598062978621455,-7.142788779962999,loss_streak_3_14d,REV
2025-10,66,33.33333333333333,-75.35166666666667,-4973.21,-5195.78,-6.683316899142655,-8.26003645484572,-10.497660892255766,loss_streak_3_14d,REV
2025-11,27,74.07407407407408,77.34666666666665,2088.3599999999997,-548.6099999999999,6.646695125008441,8.97159523107963,9.536896972623229,loss_streak_3_14d,REV
2025-12,7,71.42857142857143,46.951428571428565,328.65999999999997,-221.24,5.275724437927226,6.86871532766239,6.115511137752073,loss_streak_3_14d,REV
